# Rows,Time (Sec)
100000,0.046875
200000,0.078125
300000,0.125
400000,0.15625
500000,0.1953125
600000,0.2421875
700000,0.28125
800000,0.328125
900000,0.359375
1000000,0.40625