height_cm,weight_kg,normal
157.48,54.4310844,1
160.02,49.8951607,0
160.02,61.23496995,1
162.56,58.9670081,1
172.72,95.2543977,0
175.26,72.5747792,1
175.26,83.91458845,0
175.26,83.91458845,0
175.26,86.1825503,0
175.26,95.2543977,0
177.8,90.26488163,0
182.88,74.84274105,1
182.88,81.6466266,1
185.42,86.1825503,1
185.42,87.08973504,0
185.42,99.7903214,0
187.96,138.3456729,0
